ID,Name,Email,DOB,Joining Date
1,Yatharth,yatharth030501@gmail.com,19-06-2001,20-05-2010
2,Manish Sharma,manish.sharma@eicetechnology.com,19-06-2000,11-07-2012
3,Manav,Manavsharma@gmail.com,30-12-2002,10-09-2015
4,John Doe,johndoe@gmail.com,16-06-1985,20-05-2010
5,Jane Smith,janesmith@gmail.com,22-08-1990,11-07-2012
6,Alice Johnson,alicejohnson@gmail.com,30-12-1982,10-09-2015
7,Bob Brown,bobbrown@gmail.com,20-01-1975,18-03-2008
8,Carol White,carolwhite@gmail.com ,05-03-1995,05-11-2019
